[
  {
    "CLevel": 86.08,
    "Attribute": "Brand",
    "Value": "Palmers Br"
  },
  {
    "CLevel": 87.82,
    "Attribute": "Product_Name",
    "Value": "Palmers Br Palmers New Cocoa Butter Formula With Vitamin 5.1 Fl Oz"
  },
  {
    "CLevel": 94.17999999999999,
    "Attribute": "Units_Per_Consumer_Unit",
    "Value": "5.1 fl oz"
  },
  {
    "CLevel": 79.65,
    "Attribute": "Product_Short_Description",
    "Value": "palmers br    product skin lotion cream brand skin care br ."
  },
  {
    "CLevel": 0,
    "Attribute": "Product_Long_Description",
    "Value": "Palmers cocoa butter formula with vitamin e skin therapy baby oil mild formula palmers cocoa butter formula skin therapy baby oil is a moisturizing oil specially formulated for baby skin concerns.<br/> <br/> This multipurpose baby o works gently but effectively to soften cradle cap , help soothe eczema prone skin , and moisturize dry skin.<br/> <br/> A unique blend of pure cocoa butter , vitamin e and other natural oils help deliver skin nourishing benefits to delicate skin nongreasy formula.<br/> <br/> Perfect for all over body moisture or on targeted areas."
  },
  {
    "CLevel": 51.07000000000001,
    "Attribute": "Ingredients",
    "Value": "Nil"
  },
  {
    "CLevel": 74.66000000000001,
    "Attribute": "Gender",
    "Value": "Both"
  },
  {
    "CLevel": 73.02,
    "Attribute": "Alcohol_Content",
    "Value": "False"
  },
  {
    "CLevel": 77.29,
    "Attribute": "Is_Aerosol",
    "Value": "False"
  },
  {
    "CLevel": 78.74,
    "Attribute": "Manufacturing_Country",
    "Value": "Nil"
  },
  {
    "CLevel": 86.46000000000001,
    "Attribute": "Direction_Of_Use",
    "Value": "Gently massage into affected area times daily or as often as desired . warnings for external use only . keep out of reach of children ."
  },
  {
    "CLevel": 0,
    "Attribute": "Warning",
    "Value": "For external use only . keep out reach children . external use only . keep out reach children of"
  },
  {
    "CLevel": 100,
    "Attribute": "Back_Side_Color",
    "Value": " Silverbr"
  },
  {
    "CLevel": 100,
    "Attribute": "Front_Side_Color",
    "Value": " Silverbr"
  },
  {
    "CLevel": 72.39,
    "Attribute": "Manufacturer",
    "Value": "Nil"
  },
  {
    "CLevel": 69.06,
    "Attribute": "Age",
    "Value": "12+"
  },
  {
    "CLevel": 76.01,
    "Attribute": "Skin_Type",
    "Value": "For Oily Skin"
  },
  {
    "CLevel": 71.6,
    "Attribute": "Hair_Type",
    "Value": "Nil"
  },
  {
    "CLevel": 67.16,
    "Attribute": "Vitamin_And_Supplement",
    "Value": "Vitamin E"
  },
  {
    "CLevel": 100,
    "Attribute": "Product_Category",
    "Value": "Health And Beauty"
  },
  {
    "CLevel": 74.09,
    "Attribute": "Serving_Size",
    "Value": "Nil"
  },
  {
    "CLevel": 76.22,
    "Attribute": "Serving_Per_Container",
    "Value": "Nil"
  },
  {
    "CLevel": 86.42999999999999,
    "Attribute": "Product_Sub_Category",
    "Value": "Personal Care"
  },
  {
    "CLevel": 76.32,
    "Attribute": "Multipack_Indicator",
    "Value": "False"
  },
  {
    "CLevel": 75.58,
    "Attribute": "Product_Type",
    "Value": "Baby Oil"
  },
  {
    "CLevel": 100,
    "Attribute": "UPC",
    "Value": "0001018104016"
  }
]
